tt10233448,71
tt10801534,127
tt0075537,229
tt0111958,131
tt9174558,181
tt36988358,238
tt5753856,97
tt7923710,91
tt6025022,115
tt5421602,175
tt0979432,177
tt1355642,16
tt9735318,47
tt1305826,133
tt4934214,44
tt4063800,160
tt10850932,159
tt20859920,222
tt10530900,74
tt13675832,40
tt0092324,171
tt4574334,172
tt8595766,183
tt4742876,64
tt1266020,139
tt0112130,80
tt10332508,155
tt2701582,188
tt0229889,166
tt0088509,190
tt0988824,101
tt5851616,240
tt6741278,104
tt1877514,21
tt13991232,140
tt3398540,158
tt0348914,143
tt9544034,204
tt0071075,15
tt0080306,164
tt0096697,113
tt0280249,197
tt31938062,38
tt1486217,180
tt10986410,88
tt11280740,120
tt0758745,122
tt0106028,176
tt13868972,209
tt0098769,37
tt1856010,147
tt7660850,65
tt4508902,156
tt0804503,109
tt0112159,226
tt6763664,199
tt10048342,210
tt0384766,95
tt10802170,213
tt1533395,18
tt9103932,169
tt1534360,208
tt0237123,207
tt0086661,116
tt0074006,84
tt1865718,41
tt5555260,128
tt0072500,72
tt0353049,79
tt0877057,42
tt9432978,86
tt0118421,96
tt3526078,236
tt22248376,43
tt0459159,129
tt21209876,230
tt0268093,123
tt27497448,118
tt1508238,51
tt4082744,201
tt0098904,45
tt5712554,100
tt2707408,82
tt0481256,132
tt2063241,136
tt0121955,85
tt3322312,146
tt3398228,68
tt0310455,250
tt13111040,162
tt0092455,108
tt1877368,244
tt0773262,135
tt2802850,52
tt2571774,54
tt0092337,46
tt3530232,63
tt0063929,69
tt5189670,216
tt12074628,241
tt15435876,173
tt0296310,28
tt1831164,76
tt14986406,59
tt0988818,239
tt0318871,87
tt3718778,90
tt26471411,62
tt0094525,142
tt30263074,249
tt2297757,48
tt0129690,206
tt2356777,50
tt1606375,103
tt8111088,150
tt0094517,182
tt3230854,243
tt6108262,196
tt0278238,211
tt0108778,58
tt5687612,105
tt0185906,4
tt9253866,12
tt0096639,151
tt7137906,60
tt0098936,81
tt7472896,134
tt21056886,179
tt0994314,124
tt8420184,19
tt0200276,56
tt7278862,231
tt5788792,125
tt0412142,114
tt1489428,184
tt2560140,17
tt0487831,202
tt0306414,6
tt0086831,195
tt0903747,1
tt1628033,119
tt2092588,32
tt13309742,111
tt3032476,25
tt2100976,224
tt7920978,53
tt4299972,170
tt0158417,112
tt10541088,29
tt1492966,227
tt0314979,187
tt0388629,55
tt0187664,220
tt7562112,163
tt0423731,198
tt0795176,3
tt0203082,245
tt0081912,33
tt4786824,145
tt1910272,89
tt2395695,10
tt12392504,30
tt12343534,218
tt0193676,78
tt4093826,219
tt0417299,7
tt7908628,194
tt0387764,107
tt2244495,233
tt2098220,31
tt16026746,99
tt5182866,83
tt2442560,92
tt0386676,27
tt0090509,165
tt5622316,57
tt0213338,49
tt0407362,106
tt9335498,193
tt1806234,35
tt0248654,94
tt2861424,22
tt2303687,117
tt0053488,185
tt1641384,189
tt1475582,23
tt1513168,228
tt0944947,13
tt0290988,232
tt9140342,148
tt0286486,102
tt0373732,247
tt0303461,39
tt1518542,141
tt2049116,168
tt5491994,2
tt0863046,203
tt3895150,237
tt1870479,174
tt0434706,98
tt2085059,93
tt7366338,5
tt1710308,200
tt12004706,70
tt3428912,212
tt7120662,214
tt11126994,26
tt5290382,152
tt0118273,242
tt7678620,14
tt0106179,138
tt1124373,223
tt0096657,154
tt4158110,205
tt33043892,34
tt0281491,110
tt4236770,234
tt0472954,61
tt4834232,178
tt0081834,67
tt0111893,36
tt0264235,66
tt0380136,186
tt0275137,192
tt0052520,20
tt5897304,217
tt35495073,153
tt0121220,77
tt0163507,225
tt0417373,191
tt0103359,24
tt0367279,121
tt0403778,215
tt0290978,235
tt14392248,130
tt0096548,75
tt0081846,11
tt2575988,246
tt0421291,248
tt1190634,137
tt1733785,149
tt9253284,167
tt0214341,73
tt1795096,126
tt10590066,221
tt4288182,144
tt0088484,157
tt0141842,8
tt6769208,9
tt2788316,161
